https://www.lonelyplanet.com/thorntree/forums/africa,Africa,9665
https://www.lonelyplanet.com/thorntree/forums/americas-canada/canada,Canada,1177
https://www.lonelyplanet.com/thorntree/forums/americas-caribbean,Caribbean,1001
https://www.lonelyplanet.com/thorntree/forums/americas-central-america,Central America,4801
https://www.lonelyplanet.com/thorntree/forums/americas-cuba/cuba,Cuba,1673
https://www.lonelyplanet.com/thorntree/forums/americas-mexico/mexico,Mexico,2372
https://www.lonelyplanet.com/thorntree/forums/americas-south-america,South America,9592
https://www.lonelyplanet.com/thorntree/forums/americas-united-states-of-america/united-states,United States of America,3553
https://www.lonelyplanet.com/thorntree/forums/asia-central-asia,Central Asia,1252
https://www.lonelyplanet.com/thorntree/forums/asia-indian-subcontinent,Indian Subcontinent,8436
https://www.lonelyplanet.com/thorntree/forums/asia-north-east-asia,North-East Asia,6854
https://www.lonelyplanet.com/thorntree/forums/asia-south-east-asia-islands-peninsula,South-East Asia Islands and Peninsula,6121
https://www.lonelyplanet.com/thorntree/forums/asia-south-east-asia-mainland,South-East Asia Mainland,6512
https://www.lonelyplanet.com/thorntree/forums/asia-thailand/thailand,Thailand,5444
https://www.lonelyplanet.com/thorntree/forums/australasia-pacific-australia-new-zealand-antarctica,Australia New Zealand and Antarctica,3554
https://www.lonelyplanet.com/thorntree/forums/australasia-pacific-pacific-islands-papua-new-guinea,Pacific Islands and Papua New Guinea,797
https://www.lonelyplanet.com/thorntree/forums/europe-eastern-europe-the-caucasus,Eastern Europe and the Caucasus,6263
https://www.lonelyplanet.com/thorntree/forums/europe-scandinavia-the-nordics,Scandinavia and the Nordics,1507
https://www.lonelyplanet.com/thorntree/forums/europe-uk-ireland,UK and Ireland,2081
https://www.lonelyplanet.com/thorntree/forums/europe-western-europe,Western Europe,8613
https://www.lonelyplanet.com/thorntree/forums/middle-east,Middle East,3415
https://www.lonelyplanet.com/thorntree/forums/climate-and-travel,Climate and Travel,2
https://www.lonelyplanet.com/thorntree/forums/culture-vultures,Culture Vultures,296
https://www.lonelyplanet.com/thorntree/forums/diving-snorkelling,Diving and Snorkelling,343
https://www.lonelyplanet.com/thorntree/forums/gap-year-round-the-world-travel,Gap Year and Round the World Travel,613
https://www.lonelyplanet.com/thorntree/forums/get-stuffed,Get Stuffed,549
https://www.lonelyplanet.com/thorntree/forums/kids-to-go,Kids To Go,685
https://www.lonelyplanet.com/thorntree/forums/lesbian-gay-bisexual-transgender-and-intersex-travel,LGBTI travel,18
https://www.lonelyplanet.com/thorntree/forums/life-on-the-ocean,Life on the Ocean,172
https://www.lonelyplanet.com/thorntree/forums/older-travellers,Older Travellers,323
https://www.lonelyplanet.com/thorntree/forums/on-your-bike,On Your Bike,865
https://www.lonelyplanet.com/thorntree/forums/snow-business,Snow Business,31
https://www.lonelyplanet.com/thorntree/forums/speaking-in-tongues,Speaking in Tongues,611
https://www.lonelyplanet.com/thorntree/forums/the-long-haul-living-working-abroad,The Long Haul - Living and Working Abroad,394
https://www.lonelyplanet.com/thorntree/forums/travel-bloggers-and-pathfinders,Travel Bloggers and Pathfinders,552
https://www.lonelyplanet.com/thorntree/forums/travel-tech,Travel Tech,686
https://www.lonelyplanet.com/thorntree/forums/travel-on-a-shoestring,Travel on a shoestring,466
https://www.lonelyplanet.com/thorntree/forums/trekking-mountaineering,Trekking and Mountaineering,726
https://www.lonelyplanet.com/thorntree/forums/wildlife-nature,Wildlife and Nature,71
https://www.lonelyplanet.com/thorntree/forums/all-about-lonely-planet,All about Lonely Planet,60
https://www.lonelyplanet.com/thorntree/forums/all-about-thorn-tree,All about Thorn Tree,62
https://www.lonelyplanet.com/thorntree/forums/announcements,Announcements,4
https://www.lonelyplanet.com/thorntree/forums/report-a-bug,Report a bug,73
